,fecha,institution_id,created_admins
0,1970-01-01,102,2
1,1970-01-01,199,2
2,1970-01-01,231,2
3,1970-01-01,263,2
4,1970-01-01,296,2
5,1970-01-01,328,2
6,1970-01-01,360,2
7,1970-01-01,392,2
8,1970-01-01,424,2
9,1970-01-01,488,2
10,1970-01-01,520,2
11,1970-01-01,69,2
12,1970-01-01,125,2
13,1970-01-01,157,5
14,1970-01-01,190,2
15,1970-01-01,222,2
16,1970-01-01,254,2
17,1970-01-01,287,2
18,1970-01-01,319,2
19,1970-01-01,351,2
20,1970-01-01,383,2
21,1970-01-01,415,2
22,1970-01-01,447,2
23,1970-01-01,479,2
24,1970-01-01,511,2
25,1970-01-01,543,2
26,1970-01-01,26,5
27,1970-01-01,59,4
28,1970-01-01,83,3
29,1970-01-01,116,2
30,1970-01-01,148,2
31,1970-01-01,181,2
32,1970-01-01,213,2
33,1970-01-01,245,2
34,1970-01-01,278,2
35,1970-01-01,342,2
36,1970-01-01,374,2
37,1970-01-01,406,2
38,1970-01-01,438,2
39,1970-01-01,470,2
40,1970-01-01,502,2
41,1970-01-01,534,2
42,1970-01-01,17,2
43,1970-01-01,50,2
44,1970-01-01,107,2
45,1970-01-01,139,2
46,1970-01-01,172,2
47,1970-01-01,204,2
48,1970-01-01,236,2
49,1970-01-01,268,2
50,1970-01-01,301,2
51,1970-01-01,333,2
52,1970-01-01,365,3
53,1970-01-01,397,2
54,1970-01-01,429,2
55,1970-01-01,461,2
56,1970-01-01,493,2
57,1970-01-01,525,2
58,1970-01-01,7,3
59,1970-01-01,40,2
60,1970-01-01,74,2
61,1970-01-01,98,3
62,1970-01-01,130,2
63,1970-01-01,195,2
64,1970-01-01,227,2
65,1970-01-01,259,2
66,1970-01-01,292,2
67,1970-01-01,324,2
68,1970-01-01,356,2
69,1970-01-01,388,2
70,1970-01-01,420,5
71,1970-01-01,452,2
72,1970-01-01,484,2
73,1970-01-01,516,2
74,1970-01-01,548,2
75,1970-01-01,31,2
76,1970-01-01,65,2
77,1970-01-01,88,5
78,1970-01-01,153,2
79,1970-01-01,250,2
80,1970-01-01,283,2
81,1970-01-01,347,2
82,1970-01-01,379,2
83,1970-01-01,411,2
84,1970-01-01,443,2
85,1970-01-01,475,2
86,1970-01-01,507,2
87,1970-01-01,539,3
88,1970-01-01,79,2
89,1970-01-01,112,2
90,1970-01-01,177,2
91,1970-01-01,209,2
92,1970-01-01,241,2
93,1970-01-01,273,2
94,1970-01-01,306,2
95,1970-01-01,338,2
96,1970-01-01,370,2
97,1970-01-01,402,2
98,1970-01-01,434,2
99,1970-01-01,466,2
100,1970-01-01,498,2
101,1970-01-01,530,2
102,1970-01-01,13,4
103,1970-01-01,46,2
104,1970-01-01,103,2
105,1970-01-01,135,2
106,1970-01-01,167,2
107,1970-01-01,232,2
108,1970-01-01,264,2
109,1970-01-01,297,2
110,1970-01-01,329,2
111,1970-01-01,425,2
112,1970-01-01,457,2
113,1970-01-01,489,2
114,1970-01-01,521,2
115,1970-01-01,36,15
116,1970-01-01,70,2
117,1970-01-01,94,2
118,1970-01-01,126,2
119,1970-01-01,158,2
120,1970-01-01,223,2
121,1970-01-01,255,2
122,1970-01-01,288,2
123,1970-01-01,320,2
124,1970-01-01,352,2
125,1970-01-01,384,2
126,1970-01-01,416,2
127,1970-01-01,448,2
128,1970-01-01,480,2
129,1970-01-01,512,2
130,1970-01-01,544,2
131,1970-01-01,27,5
132,1970-01-01,61,2
133,1970-01-01,84,2
134,1970-01-01,117,2
135,1970-01-01,149,3
136,1970-01-01,182,2
137,1970-01-01,214,2
138,1970-01-01,246,2
139,1970-01-01,279,2
140,1970-01-01,311,2
141,1970-01-01,343,2
142,1970-01-01,375,9
143,1970-01-01,407,2
144,1970-01-01,439,2
145,1970-01-01,471,2
146,1970-01-01,503,2
147,1970-01-01,535,2
148,1970-01-01,18,2
149,1970-01-01,51,3
150,1970-01-01,108,2
151,1970-01-01,140,2
152,1970-01-01,173,2
153,1970-01-01,205,3
154,1970-01-01,237,2
155,1970-01-01,269,2
156,1970-01-01,302,2
157,1970-01-01,334,2
158,1970-01-01,366,2
159,1970-01-01,398,2
160,1970-01-01,430,2
161,1970-01-01,462,2
162,1970-01-01,526,2
163,1970-01-01,8,2
164,1970-01-01,41,2
165,1970-01-01,99,2
166,1970-01-01,163,4
167,1970-01-01,196,2
168,1970-01-01,228,5
169,1970-01-01,260,2
170,1970-01-01,293,2
171,1970-01-01,325,3
172,1970-01-01,357,2
173,1970-01-01,389,2
174,1970-01-01,421,2
175,1970-01-01,453,2
176,1970-01-01,485,2
177,1970-01-01,517,2
178,1970-01-01,549,2
179,1970-01-01,32,2
180,1970-01-01,66,2
181,1970-01-01,90,2
182,1970-01-01,154,2
183,1970-01-01,187,2
184,1970-01-01,219,2
185,1970-01-01,251,2
186,1970-01-01,284,2
187,1970-01-01,316,2
188,1970-01-01,348,3
189,1970-01-01,380,2
190,1970-01-01,412,2
191,1970-01-01,444,2
192,1970-01-01,476,2
193,1970-01-01,508,2
194,1970-01-01,540,2
195,1970-01-01,23,4
196,1970-01-01,56,2
197,1970-01-01,80,2
198,1970-01-01,113,2
199,1970-01-01,145,2
200,1970-01-01,210,2
201,1970-01-01,242,2
202,1970-01-01,274,3
203,1970-01-01,307,2
204,1970-01-01,339,2
205,1970-01-01,371,2
206,1970-01-01,403,2
207,1970-01-01,435,2
208,1970-01-01,467,2
209,1970-01-01,499,2
210,1970-01-01,531,2
211,1970-01-01,47,2
212,1970-01-01,104,2
213,1970-01-01,168,2
214,1970-01-01,233,2
215,1970-01-01,265,2
216,1970-01-01,298,2
217,1970-01-01,330,2
218,1970-01-01,362,2
219,1970-01-01,394,2
220,1970-01-01,426,2
221,1970-01-01,458,2
222,1970-01-01,490,2
223,1970-01-01,522,2
224,1970-01-01,4,2
225,1970-01-01,37,3
226,1970-01-01,71,2
227,1970-01-01,127,5
228,1970-01-01,159,2
229,1970-01-01,192,3
230,1970-01-01,224,2
231,1970-01-01,256,2
232,1970-01-01,289,2
233,1970-01-01,353,2
234,1970-01-01,417,2
235,1970-01-01,449,2
236,1970-01-01,481,2
237,1970-01-01,513,2
238,1970-01-01,545,2
239,1970-01-01,28,2
240,1970-01-01,62,3
241,1970-01-01,85,2
242,1970-01-01,118,2
243,1970-01-01,183,2
244,1970-01-01,215,2
245,1970-01-01,247,2
246,1970-01-01,280,2
247,1970-01-01,312,3
248,1970-01-01,344,2
249,1970-01-01,376,2
250,1970-01-01,408,2
251,1970-01-01,440,2
252,1970-01-01,472,2
253,1970-01-01,504,2
254,1970-01-01,52,2
255,1970-01-01,109,2
256,1970-01-01,141,2
257,1970-01-01,174,3
258,1970-01-01,206,6
259,1970-01-01,238,2
260,1970-01-01,270,2
261,1970-01-01,303,2
262,1970-01-01,335,2
263,1970-01-01,367,2
264,1970-01-01,399,2
265,1970-01-01,463,2
266,1970-01-01,495,2
267,1970-01-01,527,2
268,1970-01-01,10,3
269,1970-01-01,43,22
270,1970-01-01,76,2
271,1970-01-01,100,2
272,1970-01-01,164,2
273,1970-01-01,197,2
274,1970-01-01,229,2
275,1970-01-01,261,2
276,1970-01-01,294,2
277,1970-01-01,326,2
278,1970-01-01,358,2
279,1970-01-01,390,2
280,1970-01-01,422,2
281,1970-01-01,454,2
282,1970-01-01,486,2
283,1970-01-01,518,2
284,1970-01-01,550,2
285,1970-01-01,33,3
286,1970-01-01,67,2
287,1970-01-01,91,2
288,1970-01-01,123,2
289,1970-01-01,188,3
290,1970-01-01,220,2
291,1970-01-01,252,2
292,1970-01-01,285,2
293,1970-01-01,317,2
294,1970-01-01,349,2
295,1970-01-01,413,2
296,1970-01-01,445,2
297,1970-01-01,477,2
298,1970-01-01,509,2
299,1970-01-01,57,2
300,1970-01-01,81,2
301,1970-01-01,114,2
302,1970-01-01,146,2
303,1970-01-01,179,2
304,1970-01-01,211,2
305,1970-01-01,243,2
306,1970-01-01,308,2
307,1970-01-01,340,2
308,1970-01-01,372,2
309,1970-01-01,404,2
310,1970-01-01,436,2
311,1970-01-01,468,7
312,1970-01-01,500,2
313,1970-01-01,532,2
314,1970-01-01,15,3
315,1970-01-01,48,14
316,1970-01-01,105,2
317,1970-01-01,169,4
318,1970-01-01,202,2
319,1970-01-01,234,2
320,1970-01-01,266,2
321,1970-01-01,299,2
322,1970-01-01,331,2
323,1970-01-01,363,2
324,1970-01-01,395,2
325,1970-01-01,427,2
326,1970-01-01,459,2
327,1970-01-01,491,2
328,1970-01-01,523,2
329,1970-01-01,5,3
330,1970-01-01,38,3
331,1970-01-01,96,4
332,1970-01-01,128,3
333,1970-01-01,160,2
334,1970-01-01,193,2
335,1970-01-01,225,2
336,1970-01-01,257,2
337,1970-01-01,290,4
338,1970-01-01,322,2
339,1970-01-01,354,2
340,1970-01-01,386,2
341,1970-01-01,418,2
342,1970-01-01,450,2
343,1970-01-01,482,2
344,1970-01-01,514,2
345,1970-01-01,546,2
346,1970-01-01,63,2
347,1970-01-01,86,2
348,1970-01-01,151,3
349,1970-01-01,184,2
350,1970-01-01,216,1
351,1970-01-01,281,2
352,1970-01-01,313,2
353,1970-01-01,345,2
354,1970-01-01,377,2
355,1970-01-01,409,2
356,1970-01-01,441,2
357,1970-01-01,505,2
358,1970-01-01,537,2
359,1970-01-01,110,2
360,1970-01-01,142,2
361,1970-01-01,175,2
362,1970-01-01,207,2
363,1970-01-01,239,2
364,1970-01-01,271,2
365,1970-01-01,304,2
366,1970-01-01,336,2
367,1970-01-01,368,2
368,1970-01-01,400,2
369,1970-01-01,432,2
370,1970-01-01,464,2
371,1970-01-01,496,2
372,1970-01-01,528,2
373,1970-01-01,77,2
374,1970-01-01,101,3
375,1970-01-01,165,2
376,1970-01-01,198,2
377,1970-01-01,230,2
378,1970-01-01,262,1
379,1970-01-01,295,2
380,1970-01-01,327,2
381,1970-01-01,359,2
382,1970-01-01,391,2
383,1970-01-01,423,2
384,1970-01-01,455,2
385,1970-01-01,487,2
386,1970-01-01,519,2
387,1970-01-01,34,2
388,1970-01-01,68,2
389,1970-01-01,92,3
390,1970-01-01,124,2
391,1970-01-01,156,2
392,1970-01-01,189,3
393,1970-01-01,221,2
394,1970-01-01,253,2
395,1970-01-01,286,2
396,1970-01-01,318,2
397,1970-01-01,350,2
398,1970-01-01,414,3
399,1970-01-01,446,2
400,1970-01-01,478,2
401,1970-01-01,510,2
402,1970-01-01,542,2
403,1970-01-01,25,3
404,1970-01-01,58,2
405,1970-01-01,147,2
406,1970-01-01,180,2
407,1970-01-01,212,2
408,1970-01-01,244,2
409,1970-01-01,277,2
410,1970-01-01,309,2
411,1970-01-01,341,2
412,1970-01-01,373,2
413,1970-01-01,405,2
414,1970-01-01,437,2
415,1970-01-01,469,2
416,1970-01-01,501,2
417,1970-01-01,533,2
418,1970-01-01,16,3
419,1970-01-01,49,2
420,1970-01-01,106,2
421,1970-01-01,170,2
422,1970-01-01,203,2
423,1970-01-01,235,2
424,1970-01-01,267,2
425,1970-01-01,300,2
426,1970-01-01,332,2
427,1970-01-01,364,2
428,1970-01-01,396,2
429,1970-01-01,428,1
430,1970-01-01,460,2
431,1970-01-01,492,2
432,1970-01-01,6,3
433,1970-01-01,39,2
434,1970-01-01,73,2
435,1970-01-01,97,2
436,1970-01-01,129,2
437,1970-01-01,194,2
438,1970-01-01,226,2
439,1970-01-01,258,2
440,1970-01-01,291,2
441,1970-01-01,323,4
442,1970-01-01,355,2
443,1970-01-01,387,2
444,1970-01-01,419,2
445,1970-01-01,451,2
446,1970-01-01,483,2
447,1970-01-01,515,2
448,1970-01-01,547,2
449,1970-01-01,30,2
450,1970-01-01,64,2
451,1970-01-01,185,2
452,1970-01-01,217,3
453,1970-01-01,249,2
454,1970-01-01,282,2
455,1970-01-01,346,2
456,1970-01-01,378,2
457,1970-01-01,410,2
458,1970-01-01,442,2
459,1970-01-01,474,2
460,1970-01-01,506,2
461,1970-01-01,538,2
462,1970-01-01,54,6
463,1970-01-01,111,2
464,1970-01-01,143,2
465,1970-01-01,208,2
466,1970-01-01,272,2
467,1970-01-01,305,2
468,1970-01-01,337,2
469,1970-01-01,369,2
470,1970-01-01,401,2
471,1970-01-01,433,2
472,1970-01-01,465,2
473,1970-01-01,497,2
474,1970-01-01,529,2
475,1970-01-01,45,4
476,2016-02-12,551,2
477,2016-02-14,552,2
478,2016-02-17,553,2
479,2016-02-18,554,14
480,2016-02-19,555,2
481,2016-02-19,556,2
482,2016-02-23,557,2
483,2016-02-24,361,3
484,2016-02-24,558,2
485,2016-02-29,559,2
486,2016-03-07,560,2
487,2016-03-08,562,2
488,2016-03-08,561,2
489,2016-03-10,563,2
490,2016-03-10,564,1
491,2016-03-11,566,2
492,2016-03-11,565,2
493,2016-03-15,567,2
494,2016-03-16,568,2
495,2016-03-17,569,2
496,2016-03-22,571,2
497,2016-03-22,570,2
498,2016-03-23,572,2
499,2016-03-23,573,2
500,2016-03-24,574,2
501,2016-03-27,576,2
502,2016-03-30,581,2
503,2016-03-30,580,2
504,2016-04-19,582,2
505,2016-04-20,583,4
506,2016-04-27,584,2
507,2016-05-04,585,2
508,2016-05-11,587,2
509,2016-05-14,588,2
510,2016-05-16,589,2
511,2016-05-18,590,2
512,2016-05-19,591,2
513,2016-05-20,592,2
514,2016-05-24,594,2
515,2016-05-24,595,2
516,2016-05-25,597,2
517,2016-05-27,598,2
518,2016-05-30,599,2
519,2016-05-31,600,2
520,2016-06-01,601,2
521,2016-06-02,602,2
522,2016-06-02,603,8
523,2016-06-03,605,2
524,2016-06-03,606,2
525,2016-06-03,607,2
526,2016-06-03,604,2
527,2016-06-06,608,2
528,2016-06-08,610,2
529,2016-06-08,611,2
530,2016-06-08,612,2
531,2016-06-09,613,2
532,2016-06-10,614,2
533,2016-06-13,616,2
534,2016-06-16,619,2
535,2016-06-16,620,2
536,2016-06-16,621,2
537,2016-06-16,618,2
538,2016-06-21,617,2
539,2016-06-22,624,2
540,2016-06-22,625,2
541,2016-06-22,622,2
542,2016-06-22,623,2
543,2016-06-23,626,2
544,2016-06-23,627,2
545,2016-06-29,628,2
546,2016-06-30,629,2
547,2016-06-30,630,2
548,2016-07-01,631,2
549,2016-07-01,632,2
550,2016-07-03,633,2
551,2016-07-04,524,4
552,2016-07-06,634,3
553,2016-07-07,635,2
554,2016-07-08,638,2
555,2016-07-08,636,2
556,2016-07-08,637,2
557,2016-07-09,639,2
558,2016-07-11,640,2
559,2016-07-18,641,2
560,2016-07-20,642,2
561,2016-07-20,643,2
562,2016-07-21,644,2
563,2016-07-21,645,2
564,2016-07-22,646,2
565,2016-07-24,648,2
566,2016-07-25,647,2
567,2016-07-31,650,2
568,2016-08-11,651,2
569,2016-08-11,652,2
570,2016-08-13,654,2
571,2016-08-18,655,2
572,2016-08-20,656,2
573,2016-08-24,657,2
574,2016-08-24,658,2
575,2016-08-26,24,3
576,2016-08-27,660,2
577,2016-08-29,661,2
578,2016-08-30,659,3
579,2016-08-31,665,2
580,2016-08-31,662,2
581,2016-08-31,663,2
582,2016-08-31,664,2
583,2016-09-01,666,2
584,2016-09-01,667,3
585,2016-09-02,119,2
586,2016-09-04,668,2
587,2016-09-05,669,2
588,2016-09-08,579,7
589,2016-09-09,670,2
590,2016-09-16,673,4
591,2016-09-21,674,2
592,2016-09-26,675,3
593,2016-09-27,676,2
594,2016-09-30,678,2
595,2016-10-03,679,2
596,2016-10-03,578,3
597,2016-10-11,681,2
598,2016-10-17,682,2
599,2016-10-18,683,2
600,2016-11-03,684,2
601,2016-11-10,310,2
602,2016-11-11,671,4
603,2016-11-14,575,3
604,2016-11-19,685,2
605,2016-11-21,82,4
606,2016-11-22,473,5
607,2016-12-01,536,2
608,2016-12-02,686,2
609,2016-12-06,688,5
610,2016-12-06,687,17
611,2016-12-07,689,2
612,2016-12-09,690,2
613,2016-12-09,691,2
614,2016-12-12,677,7
615,2016-12-15,692,2
616,2016-12-20,44,2
617,2016-12-22,693,2
618,2016-12-22,694,4
619,2016-12-28,695,2
620,2017-01-05,697,2
621,2017-01-06,698,2
622,2017-01-09,699,2
623,2017-01-11,696,2
624,2017-01-13,700,2
625,2017-01-18,702,2
626,2017-01-18,701,2
627,2017-01-19,703,2
628,2017-01-19,704,2
629,2017-01-19,705,2
630,2017-01-25,706,2
631,2017-01-26,707,2
632,2017-01-27,708,7
633,2017-02-01,680,3
634,2017-02-03,75,23
635,2017-02-07,709,4
636,2017-02-08,711,2
637,2017-02-16,712,2
638,2017-02-16,713,4
639,2017-02-22,714,2
640,2017-03-20,717,10
641,2017-03-27,721,4
642,2017-03-27,719,3
643,2017-03-27,720,2
644,2017-04-03,722,2
645,2017-04-04,724,2
646,2017-05-16,729,2
647,2017-05-23,730,4
648,2017-05-30,731,4
649,2017-06-03,732,2
650,2017-06-05,733,5
651,2017-06-06,734,2
652,2017-06-07,735,4
653,2017-06-14,134,1
654,2017-06-14,166,1
655,2017-06-14,456,1
656,2017-06-14,1,1
657,2017-06-14,35,1
658,2017-06-14,93,1
659,2017-06-14,609,1
660,2017-06-14,162,1
661,2017-06-14,121,1
662,2017-06-14,186,1
663,2017-06-14,218,1
664,2017-06-14,315,1
665,2017-06-14,22,1
666,2017-06-14,55,1
667,2017-06-14,144,1
668,2017-06-14,596,1
669,2017-06-14,200,1
670,2017-06-14,393,1
671,2017-06-14,2,1
672,2017-06-14,191,1
673,2017-06-14,494,1
674,2017-06-14,131,1
675,2017-06-14,122,1
676,2017-06-14,178,1
677,2017-06-14,136,1
678,2017-06-14,201,1
679,2017-06-14,718,1
680,2017-06-14,95,1
681,2017-06-14,321,1
682,2017-06-14,385,1
683,2017-06-14,150,1
684,2017-06-14,19,1
685,2017-06-14,431,1
686,2017-06-14,132,1
687,2017-06-14,649,1
688,2017-06-14,155,1
689,2017-06-14,381,1
690,2017-06-14,672,1
691,2017-06-14,275,1
692,2017-06-14,137,1
693,2017-06-14,72,1
694,2017-06-14,248,1
695,2017-06-14,20,1
696,2017-06-14,725,1
697,2017-06-14,11,1
698,2017-06-14,133,1
699,2017-06-14,382,1
700,2017-06-14,138,1
701,2017-06-14,161,1
702,2017-06-14,87,1
703,2017-06-14,120,1
704,2017-06-14,152,1
705,2017-06-14,314,1
706,2017-06-14,21,1
707,2017-06-14,176,1
708,2017-06-14,78,1
709,2017-06-19,736,7
710,2017-08-16,737,2
711,2017-11-06,738,4
712,2017-11-10,739,3
713,2017-11-14,740,2
714,2017-12-01,742,2
715,2017-12-14,744,2
716,2017-12-20,745,3
717,2018-02-08,747,6
718,2018-02-09,748,1
719,2018-02-20,746,33
720,2018-03-08,716,5
721,2018-03-09,749,4
722,2018-03-12,750,1
723,2018-04-20,753,3
724,2018-04-24,754,1
725,2018-05-24,756,3
726,2018-06-22,762,4
727,2018-07-09,757,2
728,2018-07-20,763,1
729,2018-09-11,879,4
730,2018-10-30,766,3
731,2018-12-05,767,4
732,2018-12-07,768,3
733,2018-12-17,770,3
734,2019-01-07,29,12
735,2019-06-07,115,10
736,2019-07-05,772,1
737,2019-07-11,773,1
738,2019-07-11,774,3
739,2019-07-15,775,2
740,2019-07-24,715,2
741,2019-07-29,777,2
742,2019-08-19,779,1
743,2019-08-19,778,1
744,2019-08-29,783,2
745,2019-09-09,781,1
746,2019-09-23,784,1
747,2019-10-24,786,1
748,2019-10-29,787,1
749,2019-11-14,789,3
750,2019-11-18,790,1
751,2019-11-20,791,1
752,2019-11-21,794,1
753,2019-11-21,795,1
754,2019-11-21,792,1
755,2019-11-21,793,1
756,2019-12-23,769,4
757,2020-02-03,800,2
758,2020-02-12,801,2
759,2020-03-09,728,7
760,2020-03-20,802,1
761,2020-03-23,805,1
762,2020-03-23,804,1
763,2020-03-31,806,1
764,2020-06-02,811,2
765,2020-06-02,812,1
766,2020-06-05,799,2
767,2020-06-23,814,3
768,2020-07-15,815,1
769,2020-07-21,817,2
770,2020-07-22,798,2
771,2020-07-24,818,1
772,2020-07-31,807,21
773,2020-08-07,819,2
774,2020-08-17,820,1
775,2020-08-28,821,1
776,2020-09-02,823,1
777,2020-09-04,825,5
778,2020-10-09,827,1
779,2020-11-02,760,8
780,2020-11-06,830,1
781,2020-12-01,831,1
782,2020-12-07,761,1
783,2020-12-21,829,9
784,2021-01-11,586,4
785,2021-01-12,653,7
786,2021-01-12,832,10
787,2021-01-15,809,3
788,2021-01-22,833,1
789,2021-01-28,782,6
790,2021-03-02,834,1
791,2021-03-05,240,2
792,2021-03-29,14,5
793,2021-04-22,836,1
794,2021-04-22,837,6
795,2021-05-20,838,3
796,2021-05-24,839,1
797,2021-05-24,840,1
798,2021-05-28,841,1
799,2021-06-15,843,1
800,2021-07-08,846,1
801,2021-07-15,847,1
802,2021-07-19,848,1
803,2021-09-20,850,21
804,2021-09-23,851,1
805,2021-09-24,852,2
806,2021-09-28,853,1
807,2021-10-18,854,1
808,2021-10-19,741,19
809,2021-11-02,856,1
810,2021-11-02,857,1
811,2021-11-04,858,2
812,2021-11-19,859,1
813,2021-11-22,860,1
814,2021-11-24,874,2
815,2021-12-07,861,1
816,2022-01-06,862,2
817,2022-01-06,863,1
818,2022-01-17,865,7
819,2022-01-25,866,1
820,2022-02-09,867,1
821,2022-02-16,868,1
822,2022-02-21,870,2
823,2022-02-23,871,1
824,2022-03-16,873,1
825,2022-03-21,875,2
826,2022-04-01,776,6
827,2022-04-01,876,1
828,2022-04-22,882,2
829,2022-04-25,752,6
830,2022-04-25,788,8
831,2022-04-25,727,11
832,2022-05-02,885,1
833,2022-05-05,886,1
834,2022-05-09,887,1
835,2022-05-16,888,1
836,2022-05-19,797,8
837,2022-05-20,849,1
838,2022-05-20,816,2
839,2022-05-25,881,1
840,2022-06-03,810,2
841,2022-06-08,891,1
842,2022-06-10,894,1
843,2022-06-15,895,1
844,2022-06-16,896,1
845,2022-06-24,898,1
846,2022-06-24,897,1
847,2022-06-29,899,1
848,2022-06-29,878,1
849,2022-07-04,869,1
850,2022-07-05,901,1
851,2022-07-08,884,2
852,2022-07-11,890,1
853,2022-07-15,903,1
854,2022-07-18,904,1
855,2022-07-27,53,8
856,2022-08-09,905,2
857,2022-08-09,906,1
858,2022-08-18,900,1
859,2022-08-19,909,1
860,2022-08-23,835,3
861,2022-08-23,824,4
862,2022-08-30,12,12
863,2022-09-01,902,1
864,2022-09-13,910,3
865,2022-09-14,764,1
866,2022-09-14,911,1
867,2022-09-20,912,4
868,2022-09-21,872,6
869,2022-09-28,893,1
870,2022-10-03,889,1
871,2022-10-06,914,1
872,2022-10-12,743,7
873,2022-10-12,828,1
874,2022-10-20,916,1
875,2022-10-25,918,1
876,2022-10-27,908,2
877,2022-10-27,920,1
878,2022-10-28,826,12
879,2022-11-02,845,4
880,2022-11-02,915,4
881,2022-11-02,917,1
882,2022-11-03,921,9
883,2022-11-14,922,1
884,2022-11-18,785,9
885,2022-11-21,892,4
886,2022-11-21,923,2
887,2022-11-22,541,4
888,2022-11-29,925,1
889,2022-12-13,877,26
890,2022-12-15,924,1
891,2022-12-15,813,4
892,2022-12-15,842,2
893,2022-12-19,880,3
894,2022-12-20,926,2
